tweet_ID,text,date,user_ID,user_name,name,retweet,like
1528778265590222848,"RT @juanluispavon1: Conoce las 25 ofertas de #empleo de la empresa sevillana @Galgus, creadora de tecnolog√≠a #WiFi de primer nivel mundial,‚Ä¶",2022-05-23 16:41:56+00:00,3387588945,ASIAN_Andalucia,Ingenier√≠adAndaluc√≠a,3,0
1528759222116274176,"RT @nodosenlared: ""El libro de la inteligencia colectiva""  https://t.co/tUyIEoFlP9 art√≠culo de @tiscar sobre la presentaci√≥n que del libro‚Ä¶",2022-05-23 15:26:16+00:00,1059338743897702400,librero33,librero33,3,0
1528735286829764608,RT @arey: #LastMinute La 2da presentaci√≥n del #LibroIC en #Madrid ser√° este jueves (18:30) en @TheBridge_Tech acompa√±ados por T√≠scar Lara (‚Ä¶,2022-05-23 13:51:09+00:00,1162694149956603904,TheBridge_Tech,The Bridge,2,0
1528718102195802114,RT @PdelaPublicidad: Los perfiles tecnol√≥gicos m√°s demandados en el futuro @TheBridge_Tech https://t.co/j93jBWSLij,2022-05-23 12:42:52+00:00,287347055,NicoleOrchard,Nicole Orchard,2,0
1528696920729956352,Terminando el desafio de tripulaciones en @TheBridge_Tech,2022-05-23 11:18:42+00:00,1528649918306557952,nachooatm82,Nacho Esteban,0,0
1528674680965586945,"RT @nodosenlared: ""El libro de la inteligencia colectiva""  https://t.co/tUyIEoFlP9 art√≠culo de @tiscar sobre la presentaci√≥n que del libro‚Ä¶",2022-05-23 09:50:20+00:00,135595071,mevasjimenez,Eva S√°nchez,3,0
1528653470085128192,"RT @nodosenlared: ""El libro de la inteligencia colectiva""  https://t.co/tUyIEoFlP9 art√≠culo de @tiscar sobre la presentaci√≥n que del libro‚Ä¶",2022-05-23 08:26:02+00:00,7154412,Recuenco,Javier G. Recuenco,3,0
1528650844094271490,"""El libro de la inteligencia colectiva""  https://t.co/tUyIEoFlP9 art√≠culo de @tiscar sobre la presentaci√≥n que del‚Ä¶ https://t.co/pc6BVw1TFJ",2022-05-23 08:15:36+00:00,41545659,nodosenlared,Mario Lopez de Avila,3,6
1528647207594909696,Este jueves nos vemos en @TheBridge_Tech para hablar sobre inteligencia colectiva a prop√≥sito del nuevo libro de‚Ä¶ https://t.co/tpx9Zqj262,2022-05-23 08:01:09+00:00,4628161,tiscar,T√≠scar Lara,0,1
1528645495781998593,"RT @juanluispavon1: Conoce las 25 ofertas de #empleo de la empresa sevillana @Galgus, creadora de tecnolog√≠a #WiFi de primer nivel mundial,‚Ä¶",2022-05-23 07:54:21+00:00,1573780194,pgonzrodriguez,Patricia Gonz√°lez-Rodr√≠guez #SinCienciaNoHayFuturo,3,0
1528645396440174592,"RT @juanluispavon1: Conoce las 25 ofertas de #empleo de la empresa sevillana @Galgus, creadora de tecnolog√≠a #WiFi de primer nivel mundial,‚Ä¶",2022-05-23 07:53:58+00:00,271387101,Antonioyelamo,Antonio Y√©lamo Crespillo,3,0
1528641426975760389,"Conoce las 25 ofertas de #empleo de la empresa sevillana @Galgus, creadora de tecnolog√≠a #WiFi de primer nivel mund‚Ä¶ https://t.co/fjUA4MWCPK",2022-05-23 07:38:11+00:00,987388686,juanluispavon1,Juan Luis Pav√≥n,3,7
1528638574320574466,RT @arey: #LastMinute La 2da presentaci√≥n del #LibroIC en #Madrid ser√° este jueves (18:30) en @TheBridge_Tech acompa√±ados por T√≠scar Lara (‚Ä¶,2022-05-23 07:26:51+00:00,41545659,nodosenlared,Mario Lopez de Avila,2,0
1528638307516694529,#LastMinute La 2da presentaci√≥n del #LibroIC en #Madrid ser√° este jueves (18:30) en @TheBridge_Tech acompa√±ados por‚Ä¶ https://t.co/vEWNXZv3Qj,2022-05-23 07:25:47+00:00,15993641,arey,Amalio A. Rey,2,4
1527324126813118473,RT @TheBridge_Tech: ¬°Qu√© poco queda para el pr√≥ximo üî•Burn Mondayüî•! Lunes 23 de mayo a las 18h. aplicaremos la #IA en un viaje por obras pic‚Ä¶,2022-05-19 16:23:42+00:00,227327854,burn_es,BURN Espa√±a üî•,2,0
1527317586035494919,RT @TheBridge_Tech: ¬°Qu√© poco queda para el pr√≥ximo üî•Burn Mondayüî•! Lunes 23 de mayo a las 18h. aplicaremos la #IA en un viaje por obras pic‚Ä¶,2022-05-19 15:57:43+00:00,1437460018928832513,_Jakashi,Jakashi Bot,2,0
1526946552492789760,Esta es la historia de Isisü§ó que decidi√≥ hacer un cambio en su vida profesional haciendo el #bootcamp de #uxui. Aho‚Ä¶ https://t.co/YC0yOw5b3o,2022-05-18 15:23:22+00:00,1162694149956603904,TheBridge_Tech,The Bridge,0,0
1526937977707978752,RT @TheBridge_Tech: ¬øCon ganas de probar si un empleo tecnol√≥gico es para ti? Ven a los talleres del campus de #Sevilla @ENCamaraSevilla‚Ä¶,2022-05-18 14:49:17+00:00,163586106,ENCamaraSevilla,Escuela de Negocios,2,0
1526887876188901376,"RT @Bcasapp: ¬øC√≥mo combatir el paro juvenilü•µ? #tipdeldia En un pa√≠s con una tasa de paro r√©cord, hay que elegir bien d√≥nde y qu√© estudiar.‚Ä¶",2022-05-18 11:30:12+00:00,837725228126113792,elbecador,elbecador,4,0
1526886949839065088,Gracias @victorianoI y equipo por el an√°lisis con @graphext de los datos en educaci√≥n y tecnolog√≠a que vimos ayer e‚Ä¶ https://t.co/tGq6oXx37x,2022-05-18 11:26:31+00:00,1162694149956603904,TheBridge_Tech,The Bridge,0,0
1526880909043056642,"RT @Bcasapp: ¬øC√≥mo combatir el paro juvenilü•µ? #tipdeldia En un pa√≠s con una tasa de paro r√©cord, hay que elegir bien d√≥nde y qu√© estudiar.‚Ä¶",2022-05-18 11:02:31+00:00,1162694149956603904,TheBridge_Tech,The Bridge,4,0
1526846430316572672,"RT @Bcasapp: ¬øC√≥mo combatir el paro juvenilü•µ? #tipdeldia En un pa√≠s con una tasa de paro r√©cord, hay que elegir bien d√≥nde y qu√© estudiar.‚Ä¶",2022-05-18 08:45:31+00:00,915644929,DudasBecasMec,Dudas Becas MEFP,4,0
1526846367192293381,"RT @Bcasapp: ¬øC√≥mo combatir el paro juvenilü•µ? #tipdeldia En un pa√≠s con una tasa de paro r√©cord, hay que elegir bien d√≥nde y qu√© estudiar.‚Ä¶",2022-05-18 08:45:16+00:00,1468714865137229824,Alicia94930543,Alicia,4,0
1526842834741039105,"¬øC√≥mo combatir el paro juvenilü•µ? #tipdeldia En un pa√≠s con una tasa de paro r√©cord, hay que elegir bien d√≥nde y qu√©‚Ä¶ https://t.co/DGAUBHJnjz",2022-05-18 08:31:13+00:00,1336771626306854912,Bcasapp,Bcas,4,8
1526641251956801536,RT @TheBridge_Tech: ¬øCon ganas de probar si un empleo tecnol√≥gico es para ti? Ven a los talleres del campus de #Sevilla @ENCamaraSevilla‚Ä¶,2022-05-17 19:10:12+00:00,1847749892,MayDOlha,May D'Olhaberriague,2,0
1526482636679663622,RT @arey: La 2da presentaci√≥n-coloquio del #LibroIC en #Madrid ser√° el J26Mayo(18:30) en @TheBridge_Tech con T√≠scar Lara (@tiscar) y Mario‚Ä¶,2022-05-17 08:39:55+00:00,41545659,nodosenlared,Mario Lopez de Avila,4,0
1526480514265362433,RT @PdelaPublicidad: Los perfiles tecnol√≥gicos m√°s demandados en el futuro @TheBridge_Tech https://t.co/j93jBWSLij,2022-05-17 08:31:29+00:00,3010572742,Tere_Crespo_,Tere Crespo,2,0
1526479745185198080,Los perfiles tecnol√≥gicos m√°s demandados en el futuro @TheBridge_Tech https://t.co/j93jBWSLij,2022-05-17 08:28:26+00:00,114739070,PdelaPublicidad,Peri√≥dico PublicidAD,2,1
1526213682388156417,RT @arey: La 2da presentaci√≥n-coloquio del #LibroIC en #Madrid ser√° el J26Mayo(18:30) en @TheBridge_Tech con T√≠scar Lara (@tiscar) y Mario‚Ä¶,2022-05-16 14:51:12+00:00,27889470,jsobejano,Juan Sobejano üá™üá∫üá™üá¶üá∫üá¶,4,0
1526160672895160323,RT @arey: La 2da presentaci√≥n-coloquio del #LibroIC en #Madrid ser√° el J26Mayo(18:30) en @TheBridge_Tech con T√≠scar Lara (@tiscar) y Mario‚Ä¶,2022-05-16 11:20:33+00:00,11231412,Yoriento,@Yoriento (Alfonso Alc√°ntara),4,0
1526135784331481088,RT @arey: La 2da presentaci√≥n-coloquio del #LibroIC en #Madrid ser√° el J26Mayo(18:30) en @TheBridge_Tech con T√≠scar Lara (@tiscar) y Mario‚Ä¶,2022-05-16 09:41:39+00:00,4628161,tiscar,T√≠scar Lara,4,0
1526133158743359488,La 2da presentaci√≥n-coloquio del #LibroIC en #Madrid ser√° el J26Mayo(18:30) en @TheBridge_Tech con T√≠scar Lara (‚Ä¶ https://t.co/fzOShx6mH1,2022-05-16 09:31:13+00:00,15993641,arey,Amalio A. Rey,4,4
